time,price,market,slug,end_date,resolution,resolution_date
2025-12-23 00:00:13,0.016,December 31,us-strikes-iran-by,2026-06-30,0,2026-01-01
2025-12-23 00:00:15,0.165,March 31,us-strikes-iran-by,2026-06-30,1,2026-02-28
2025-12-23 00:00:23,0.265,June 30,us-strikes-iran-by,2026-06-30,1,2026-02-28
2025-12-24 00:00:12,0.0185,December 31,us-strikes-iran-by,2026-06-30,0,2026-01-01
2025-12-24 00:00:15,0.11,March 31,us-strikes-iran-by,2026-06-30,1,2026-02-28
2025-12-24 00:00:23,0.25,June 30,us-strikes-iran-by,2026-06-30,1,2026-02-28
2025-12-25 00:00:22,0.014,December 31,us-strikes-iran-by,2026-06-30,0,2026-01-01
2025-12-25 00:00:25,0.095,March 31,us-strikes-iran-by,2026-06-30,1,2026-02-28
2025-12-25 00:00:32,0.215,June 30,us-strikes-iran-by,2026-06-30,1,2026-02-28
2025-12-26 00:00:10,0.017,December 31,us-strikes-iran-by,2026-06-30,0,2026-01-01
2025-12-26 00:00:11,0.095,March 31,us-strikes-iran-by,2026-06-30,1,2026-02-28
2025-12-26 00:00:16,0.15,June 30,us-strikes-iran-by,2026-06-30,1,2026-02-28
2025-12-27 00:00:13,0.016,December 31,us-strikes-iran-by,2026-06-30,0,2026-01-01
2025-12-27 00:00:15,0.095,March 31,us-strikes-iran-by,2026-06-30,1,2026-02-28
2025-12-27 00:00:21,0.14,June 30,us-strikes-iran-by,2026-06-30,1,2026-02-28
2025-12-28 00:00:13,0.0165,December 31,us-strikes-iran-by,2026-06-30,0,2026-01-01
2025-12-28 00:00:15,0.1,March 31,us-strikes-iran-by,2026-06-30,1,2026-02-28
2025-12-28 00:00:22,0.145,June 30,us-strikes-iran-by,2026-06-30,1,2026-02-28
2025-12-29 00:00:29,0.0055,December 31,us-strikes-iran-by,2026-06-30,0,2026-01-01
2025-12-29 00:00:31,0.095,March 31,us-strikes-iran-by,2026-06-30,1,2026-02-28
2025-12-29 00:00:39,0.15,June 30,us-strikes-iran-by,2026-06-30,1,2026-02-28
2025-12-30 00:00:16,0.0055,December 31,us-strikes-iran-by,2026-06-30,0,2026-01-01
2025-12-30 00:00:18,0.09,March 31,us-strikes-iran-by,2026-06-30,1,2026-02-28
2025-12-30 00:00:25,0.225,June 30,us-strikes-iran-by,2026-06-30,1,2026-02-28
2025-12-31 00:00:12,0.0055,December 31,us-strikes-iran-by,2026-06-30,0,2026-01-01
2025-12-31 00:00:15,0.115,March 31,us-strikes-iran-by,2026-06-30,1,2026-02-28
2025-12-31 00:00:24,0.2,June 30,us-strikes-iran-by,2026-06-30,1,2026-02-28
2026-01-01 00:00:13,0.002,December 31,us-strikes-iran-by,2026-06-30,0,2026-01-01
2026-01-01 00:00:15,0.12,March 31,us-strikes-iran-by,2026-06-30,1,2026-02-28
2026-01-01 00:00:23,0.195,June 30,us-strikes-iran-by,2026-06-30,1,2026-02-28
2026-01-02 00:00:14,0.105,March 31,us-strikes-iran-by,2026-06-30,1,2026-02-28
2026-01-02 00:00:22,0.195,June 30,us-strikes-iran-by,2026-06-30,1,2026-02-28
2026-01-03 00:00:13,0.17,March 31,us-strikes-iran-by,2026-06-30,1,2026-02-28
2026-01-03 00:00:19,0.24,June 30,us-strikes-iran-by,2026-06-30,1,2026-02-28
2026-01-04 00:00:15,0.18,March 31,us-strikes-iran-by,2026-06-30,1,2026-02-28
2026-01-04 00:00:17,0.095,January 31,us-strikes-iran-by,2026-01-31,0,2026-02-01
2026-01-04 00:00:22,0.26,June 30,us-strikes-iran-by,2026-06-30,1,2026-02-28
2026-01-05 00:00:17,0.345,March 31,us-strikes-iran-by,2026-06-30,1,2026-02-28
2026-01-05 00:00:19,0.23,January 31,us-strikes-iran-by,2026-01-31,0,2026-02-01
2026-01-05 00:00:25,0.405,June 30,us-strikes-iran-by,2026-06-30,1,2026-02-28
2026-01-06 00:00:19,0.265,March 31,us-strikes-iran-by,2026-06-30,1,2026-02-28
2026-01-06 00:00:21,0.135,January 31,us-strikes-iran-by,2026-01-31,0,2026-02-01
2026-01-06 00:00:27,0.34,June 30,us-strikes-iran-by,2026-06-30,1,2026-02-28
2026-01-07 00:00:16,0.265,March 31,us-strikes-iran-by,2026-06-30,1,2026-02-28
2026-01-07 00:00:19,0.145,January 31,us-strikes-iran-by,2026-01-31,0,2026-02-01
2026-01-07 00:00:25,0.345,June 30,us-strikes-iran-by,2026-06-30,1,2026-02-28
2026-01-08 00:00:32,0.32,March 31,us-strikes-iran-by,2026-06-30,1,2026-02-28
2026-01-08 00:00:34,0.175,January 31,us-strikes-iran-by,2026-01-31,0,2026-02-01
2026-01-08 00:00:41,0.39,June 30,us-strikes-iran-by,2026-06-30,1,2026-02-28
2026-01-09 00:00:16,0.4,March 31,us-strikes-iran-by,2026-06-30,1,2026-02-28
2026-01-09 00:00:19,0.245,January 31,us-strikes-iran-by,2026-01-31,0,2026-02-01
2026-01-09 00:00:25,0.475,June 30,us-strikes-iran-by,2026-06-30,1,2026-02-28
2026-01-09 00:00:25,0.085,January 11,us-strikes-iran-by,2026-01-31,0,2026-01-12
2026-01-10 00:00:17,0.45,March 31,us-strikes-iran-by,2026-06-30,1,2026-02-28
2026-01-10 00:00:20,0.295,January 31,us-strikes-iran-by,2026-01-31,0,2026-02-01
2026-01-10 00:00:26,0.048,January 11,us-strikes-iran-by,2026-01-31,0,2026-01-12
2026-01-10 00:00:26,0.54,June 30,us-strikes-iran-by,2026-06-30,1,2026-02-28
2026-01-11 00:00:15,0.635,March 31,us-strikes-iran-by,2026-06-30,1,2026-02-28
2026-01-11 00:00:17,0.545,January 31,us-strikes-iran-by,2026-01-31,0,2026-02-01
2026-01-11 00:00:22,0.705,June 30,us-strikes-iran-by,2026-06-30,1,2026-02-28
2026-01-11 00:00:22,0.091,January 11,us-strikes-iran-by,2026-01-31,0,2026-01-12
2026-01-12 00:00:12,0.33,January 16,us-strikes-iran-by,2026-01-31,0,2026-01-17
2026-01-12 00:00:14,0.165,January 13,us-strikes-iran-by,2026-01-31,0,2026-01-14
2026-01-12 00:00:17,0.64,March 31,us-strikes-iran-by,2026-06-30,1,2026-02-28
2026-01-12 00:00:19,0.535,January 31,us-strikes-iran-by,2026-01-31,0,2026-02-01
2026-01-12 00:00:19,0.1155,January 12,us-strikes-iran-by,2026-01-31,0,2026-01-13
2026-01-12 00:00:24,0.0395,January 11,us-strikes-iran-by,2026-01-31,0,2026-01-12
2026-01-12 00:00:25,0.66,June 30,us-strikes-iran-by,2026-06-30,1,2026-02-28
2026-01-13 00:00:12,0.27,January 16,us-strikes-iran-by,2026-01-31,0,2026-01-17
2026-01-13 00:00:13,0.11,January 13,us-strikes-iran-by,2026-01-31,0,2026-01-14
2026-01-13 00:00:18,0.66,March 31,us-strikes-iran-by,2026-06-30,1,2026-02-28
2026-01-13 00:00:20,0.535,January 31,us-strikes-iran-by,2026-01-31,0,2026-02-01
2026-01-13 00:00:20,0.0305,January 12,us-strikes-iran-by,2026-01-31,0,2026-01-13
2026-01-13 00:00:26,0.71,June 30,us-strikes-iran-by,2026-06-30,1,2026-02-28
2026-01-13 00:00:26,0.435,January 23,us-strikes-iran-by,2026-01-31,0,2026-01-24
2026-01-14 00:00:11,0.29,January 16,us-strikes-iran-by,2026-01-31,0,2026-01-17
2026-01-14 00:00:13,0.235,January 15,us-strikes-iran-by,2026-01-15,0,2026-01-16
2026-01-14 00:00:13,0.0545,January 13,us-strikes-iran-by,2026-01-31,0,2026-01-14
2026-01-14 00:00:14,0.39,January 17,us-strikes-iran-by,2026-01-17,0,2026-01-18
2026-01-14 00:00:18,0.73,March 31,us-strikes-iran-by,2026-06-30,1,2026-02-28
2026-01-14 00:00:21,0.645,January 31,us-strikes-iran-by,2026-01-31,0,2026-02-01
2026-01-14 00:00:22,0.46,January 18,us-strikes-iran-by,2026-01-18,0,2026-01-19
2026-01-14 00:00:23,0.165,January 14,us-strikes-iran-by,2026-01-14,0,2026-01-15
2026-01-14 00:00:28,0.755,June 30,us-strikes-iran-by,2026-06-30,1,2026-02-28
2026-01-14 00:00:28,0.545,January 23,us-strikes-iran-by,2026-01-31,0,2026-01-24
2026-01-15 00:00:12,0.355,January 16,us-strikes-iran-by,2026-01-31,0,2026-01-17
2026-01-15 00:00:15,0.305,January 15,us-strikes-iran-by,2026-01-15,0,2026-01-16
2026-01-15 00:00:15,0.47,January 17,us-strikes-iran-by,2026-01-17,0,2026-01-18
2026-01-15 00:00:19,0.725,March 31,us-strikes-iran-by,2026-06-30,1,2026-02-28
2026-01-15 00:00:22,0.63,January 31,us-strikes-iran-by,2026-01-31,0,2026-02-01
2026-01-15 00:00:24,0.505,January 18,us-strikes-iran-by,2026-01-18,0,2026-01-19
2026-01-15 00:00:24,0.095,January 14,us-strikes-iran-by,2026-01-14,0,2026-01-15
2026-01-15 00:00:30,0.765,June 30,us-strikes-iran-by,2026-06-30,1,2026-02-28
2026-01-15 00:00:30,0.575,January 23,us-strikes-iran-by,2026-01-31,0,2026-01-24
2026-01-16 00:00:15,0.0585,January 16,us-strikes-iran-by,2026-01-31,0,2026-01-17
2026-01-16 00:00:17,0.007,January 15,us-strikes-iran-by,2026-01-15,0,2026-01-16
2026-01-16 00:00:18,0.095,January 17,us-strikes-iran-by,2026-01-17,0,2026-01-18
2026-01-16 00:00:22,0.495,March 31,us-strikes-iran-by,2026-06-30,1,2026-02-28
2026-01-16 00:00:25,0.34,January 31,us-strikes-iran-by,2026-01-31,0,2026-02-01
2026-01-16 00:00:27,0.125,January 18,us-strikes-iran-by,2026-01-18,0,2026-01-19
2026-01-16 00:00:33,0.595,June 30,us-strikes-iran-by,2026-06-30,1,2026-02-28
2026-01-16 00:00:33,0.215,January 23,us-strikes-iran-by,2026-01-31,0,2026-01-24
2026-01-17 00:00:12,0.0035,January 16,us-strikes-iran-by,2026-01-31,0,2026-01-17
2026-01-17 00:00:15,0.031,January 17,us-strikes-iran-by,2026-01-17,0,2026-01-18
2026-01-17 00:00:19,0.465,March 31,us-strikes-iran-by,2026-06-30,1,2026-02-28
2026-01-17 00:00:22,0.295,January 31,us-strikes-iran-by,2026-01-31,0,2026-02-01
2026-01-17 00:00:24,0.055,January 18,us-strikes-iran-by,2026-01-18,0,2026-01-19
2026-01-17 00:00:29,0.145,January 23,us-strikes-iran-by,2026-01-31,0,2026-01-24
2026-01-17 00:00:29,0.54,June 30,us-strikes-iran-by,2026-06-30,1,2026-02-28
2026-01-18 00:00:20,0.0065,January 17,us-strikes-iran-by,2026-01-17,0,2026-01-18
2026-01-18 00:00:27,0.465,March 31,us-strikes-iran-by,2026-06-30,1,2026-02-28
2026-01-18 00:00:33,0.25,January 31,us-strikes-iran-by,2026-01-31,0,2026-02-01
2026-01-18 00:00:35,0.0265,January 18,us-strikes-iran-by,2026-01-18,0,2026-01-19
2026-01-18 00:00:48,0.115,January 23,us-strikes-iran-by,2026-01-31,0,2026-01-24
2026-01-18 00:00:48,0.565,June 30,us-strikes-iran-by,2026-06-30,1,2026-02-28
2026-01-19 00:00:16,0.5,March 31,us-strikes-iran-by,2026-06-30,1,2026-02-28
2026-01-19 00:00:18,0.235,January 31,us-strikes-iran-by,2026-01-31,0,2026-02-01
2026-01-19 00:00:20,0.0035,January 18,us-strikes-iran-by,2026-01-18,0,2026-01-19
2026-01-19 00:00:24,0.595,June 30,us-strikes-iran-by,2026-06-30,1,2026-02-28
2026-01-19 00:00:24,0.085,January 23,us-strikes-iran-by,2026-01-31,0,2026-01-24
2026-01-20 00:00:11,0.43,February 28,us-strikes-iran-by,2026-01-31,1,2026-02-28
2026-01-20 00:00:18,0.545,March 31,us-strikes-iran-by,2026-06-30,1,2026-02-28
2026-01-20 00:00:20,0.235,January 31,us-strikes-iran-by,2026-01-31,0,2026-02-01
2026-01-20 00:00:27,0.625,June 30,us-strikes-iran-by,2026-06-30,1,2026-02-28
2026-01-20 00:00:27,0.075,January 23,us-strikes-iran-by,2026-01-31,0,2026-01-24
2026-01-21 00:00:12,0.345,February 28,us-strikes-iran-by,2026-01-31,1,2026-02-28
2026-01-21 00:00:19,0.455,March 31,us-strikes-iran-by,2026-06-30,1,2026-02-28
2026-01-21 00:00:22,0.21,January 31,us-strikes-iran-by,2026-01-31,0,2026-02-01
2026-01-21 00:00:28,0.0455,January 23,us-strikes-iran-by,2026-01-31,0,2026-01-24
2026-01-21 00:00:28,0.555,June 30,us-strikes-iran-by,2026-06-30,1,2026-02-28
2026-01-22 00:00:12,0.39,February 28,us-strikes-iran-by,2026-01-31,1,2026-02-28
2026-01-22 00:00:25,0.485,March 31,us-strikes-iran-by,2026-06-30,1,2026-02-28
2026-01-22 00:00:30,0.195,January 31,us-strikes-iran-by,2026-01-31,0,2026-02-01
2026-01-22 00:00:40,0.095,January 26,us-strikes-iran-by,2026-01-31,0,2026-01-27
2026-01-22 00:00:43,0.0345,January 23,us-strikes-iran-by,2026-01-31,0,2026-01-24
2026-01-22 00:00:44,0.585,June 30,us-strikes-iran-by,2026-06-30,1,2026-02-28
2026-01-23 00:00:26,0.465,February 28,us-strikes-iran-by,2026-01-31,1,2026-02-28
2026-01-23 00:00:35,0.555,March 31,us-strikes-iran-by,2026-06-30,1,2026-02-28
2026-01-23 00:00:38,0.245,January 31,us-strikes-iran-by,2026-01-31,0,2026-02-01
2026-01-23 00:00:44,0.13,January 26,us-strikes-iran-by,2026-01-31,0,2026-01-27
2026-01-23 00:00:46,0.665,June 30,us-strikes-iran-by,2026-06-30,1,2026-02-28
2026-01-23 00:00:46,0.032,January 23,us-strikes-iran-by,2026-01-31,0,2026-01-24
2026-01-24 00:00:15,0.53,February 28,us-strikes-iran-by,2026-01-31,1,2026-02-28
2026-01-24 00:00:28,0.19,January 25,us-strikes-iran-by,2026-01-31,0,2026-01-26
2026-01-24 00:00:28,0.605,March 31,us-strikes-iran-by,2026-06-30,1,2026-02-28
2026-01-24 00:00:33,0.325,January 31,us-strikes-iran-by,2026-01-31,0,2026-02-01
2026-01-24 00:00:39,0.115,January 24,us-strikes-iran-by,2026-01-31,0,2026-01-25
2026-01-24 00:00:42,0.225,January 26,us-strikes-iran-by,2026-01-31,0,2026-01-27
2026-01-24 00:00:45,0.0225,January 23,us-strikes-iran-by,2026-01-31,0,2026-01-24
2026-01-24 00:00:46,0.675,June 30,us-strikes-iran-by,2026-06-30,1,2026-02-28
2026-01-25 00:00:28,0.515,February 28,us-strikes-iran-by,2026-01-31,1,2026-02-28
2026-01-25 00:00:38,0.0345,January 25,us-strikes-iran-by,2026-01-31,0,2026-01-26
2026-01-25 00:00:38,0.585,March 31,us-strikes-iran-by,2026-06-30,1,2026-02-28
2026-01-25 00:00:41,0.245,January 31,us-strikes-iran-by,2026-01-31,0,2026-02-01
2026-01-25 00:00:45,0.0125,January 24,us-strikes-iran-by,2026-01-31,0,2026-01-25
2026-01-25 00:00:47,0.075,January 26,us-strikes-iran-by,2026-01-31,0,2026-01-27
2026-01-25 00:00:50,0.655,June 30,us-strikes-iran-by,2026-06-30,1,2026-02-28
2026-01-26 00:00:26,0.52,February 28,us-strikes-iran-by,2026-01-31,1,2026-02-28
2026-01-26 00:00:36,0.585,March 31,us-strikes-iran-by,2026-06-30,1,2026-02-28
2026-01-26 00:00:36,0.0105,January 25,us-strikes-iran-by,2026-01-31,0,2026-01-26
2026-01-26 00:00:41,0.165,January 31,us-strikes-iran-by,2026-01-31,0,2026-02-01
2026-01-26 00:00:46,0.0325,January 26,us-strikes-iran-by,2026-01-31,0,2026-01-27
2026-01-26 00:00:48,0.655,June 30,us-strikes-iran-by,2026-06-30,1,2026-02-28
2026-01-27 00:00:23,0.425,February 28,us-strikes-iran-by,2026-01-31,1,2026-02-28
2026-01-27 00:00:24,0.075,January 30,us-strikes-iran-by,2026-01-31,0,2026-01-31
2026-01-27 00:00:25,0.355,February 13,us-strikes-iran-by,2026-01-31,0,2026-02-14
2026-01-27 00:00:27,0.041,January 28,us-strikes-iran-by,2026-01-31,0,2026-01-29
2026-01-27 00:00:31,0.545,March 31,us-strikes-iran-by,2026-06-30,1,2026-02-28
2026-01-27 00:00:33,0.0195,January 27,us-strikes-iran-by,2026-01-31,0,2026-01-28
2026-01-27 00:00:34,0.055,January 29,us-strikes-iran-by,2026-01-31,0,2026-01-30
2026-01-27 00:00:34,0.115,January 31,us-strikes-iran-by,2026-01-31,0,2026-02-01
2026-01-27 00:00:40,0.23,February 6,us-strikes-iran-by,2026-01-31,0,2026-02-07
2026-01-27 00:00:40,0.0045,January 26,us-strikes-iran-by,2026-01-31,0,2026-01-27
2026-01-27 00:00:42,0.605,June 30,us-strikes-iran-by,2026-06-30,1,2026-02-28
2026-01-28 00:00:14,0.44,February 28,us-strikes-iran-by,2026-01-31,1,2026-02-28
2026-01-28 00:00:15,0.065,January 30,us-strikes-iran-by,2026-01-31,0,2026-01-31
2026-01-28 00:00:16,0.31,February 13,us-strikes-iran-by,2026-01-31,0,2026-02-14
2026-01-28 00:00:18,0.0295,January 28,us-strikes-iran-by,2026-01-31,0,2026-01-29
2026-01-28 00:00:22,0.545,March 31,us-strikes-iran-by,2026-06-30,1,2026-02-28
2026-01-28 00:00:23,0.0075,January 27,us-strikes-iran-by,2026-01-31,0,2026-01-28
2026-01-28 00:00:24,0.105,January 31,us-strikes-iran-by,2026-01-31,0,2026-02-01
2026-01-28 00:00:24,0.039,January 29,us-strikes-iran-by,2026-01-31,0,2026-01-30
2026-01-28 00:00:29,0.2,February 6,us-strikes-iran-by,2026-01-31,0,2026-02-07
2026-01-28 00:00:30,0.625,June 30,us-strikes-iran-by,2026-06-30,1,2026-02-28
2026-01-29 00:00:28,0.485,February 28,us-strikes-iran-by,2026-01-31,1,2026-02-28
2026-01-29 00:00:30,0.055,January 30,us-strikes-iran-by,2026-01-31,0,2026-01-31
2026-01-29 00:00:30,0.345,February 13,us-strikes-iran-by,2026-01-31,0,2026-02-14
2026-01-29 00:00:32,0.0025,January 28,us-strikes-iran-by,2026-01-31,0,2026-01-29
2026-01-29 00:00:36,0.585,March 31,us-strikes-iran-by,2026-06-30,1,2026-02-28
2026-01-29 00:00:39,0.115,January 31,us-strikes-iran-by,2026-01-31,0,2026-02-01
2026-01-29 00:00:39,0.0235,January 29,us-strikes-iran-by,2026-01-31,0,2026-01-30
2026-01-29 00:00:44,0.255,February 6,us-strikes-iran-by,2026-01-31,0,2026-02-07
2026-01-29 00:00:45,0.655,June 30,us-strikes-iran-by,2026-06-30,1,2026-02-28
2026-01-30 00:00:15,0.59,February 28,us-strikes-iran-by,2026-01-31,1,2026-02-28
2026-01-30 00:00:17,0.345,February 5,us-strikes-iran-by,2026-02-05,0,2026-02-06
2026-01-30 00:00:17,0.0675,January 30,us-strikes-iran-by,2026-01-31,0,2026-01-31
2026-01-30 00:00:18,0.455,February 13,us-strikes-iran-by,2026-01-31,0,2026-02-14
2026-01-30 00:00:24,0.645,March 31,us-strikes-iran-by,2026-06-30,1,2026-02-28
2026-01-30 00:00:27,0.315,February 4,us-strikes-iran-by,2026-02-04,0,2026-02-05
2026-01-30 00:00:27,0.165,January 31,us-strikes-iran-by,2026-01-31,0,2026-02-01
2026-01-30 00:00:28,0.007,January 29,us-strikes-iran-by,2026-01-31,0,2026-01-30
2026-01-30 00:00:30,0.32,February 2,us-strikes-iran-by,2026-02-02,0,2026-02-03
2026-01-30 00:00:32,0.225,February 1,us-strikes-iran-by,2026-02-01,0,2026-02-02
2026-01-30 00:00:33,0.335,February 6,us-strikes-iran-by,2026-01-31,0,2026-02-07
2026-01-30 00:00:33,0.345,February 3,us-strikes-iran-by,2026-02-03,0,2026-02-04
2026-01-30 00:00:35,0.715,June 30,us-strikes-iran-by,2026-06-30,1,2026-02-28
2026-01-31 00:00:15,0.555,February 28,us-strikes-iran-by,2026-01-31,1,2026-02-28
2026-01-31 00:00:17,0.011,January 30,us-strikes-iran-by,2026-01-31,0,2026-01-31
2026-01-31 00:00:17,0.445,February 13,us-strikes-iran-by,2026-01-31,0,2026-02-14
2026-01-31 00:00:18,0.23,February 5,us-strikes-iran-by,2026-02-05,0,2026-02-06
2026-01-31 00:00:24,0.645,March 31,us-strikes-iran-by,2026-06-30,1,2026-02-28
2026-01-31 00:00:28,0.075,January 31,us-strikes-iran-by,2026-01-31,0,2026-02-01
2026-01-31 00:00:28,0.205,February 4,us-strikes-iran-by,2026-02-04,0,2026-02-05
2026-01-31 00:00:30,0.18,February 2,us-strikes-iran-by,2026-02-02,0,2026-02-03
2026-01-31 00:00:33,0.145,February 1,us-strikes-iran-by,2026-02-01,0,2026-02-02
2026-01-31 00:00:33,0.185,February 3,us-strikes-iran-by,2026-02-03,0,2026-02-04
2026-01-31 00:00:34,0.27,February 6,us-strikes-iran-by,2026-01-31,0,2026-02-07
2026-01-31 00:00:36,0.695,June 30,us-strikes-iran-by,2026-06-30,1,2026-02-28
2026-02-01 00:00:17,0.495,February 28,us-strikes-iran-by,2026-01-31,1,2026-02-28
2026-02-01 00:00:21,0.14,February 5,us-strikes-iran-by,2026-02-05,0,2026-02-06
2026-02-01 00:00:21,0.35,February 13,us-strikes-iran-by,2026-01-31,0,2026-02-14
2026-02-01 00:00:29,0.58,March 31,us-strikes-iran-by,2026-06-30,1,2026-02-28
2026-02-01 00:00:33,0.13,February 4,us-strikes-iran-by,2026-02-04,0,2026-02-05
2026-02-01 00:00:33,0.014,January 31,us-strikes-iran-by,2026-01-31,0,2026-02-01
2026-02-01 00:00:37,0.085,February 2,us-strikes-iran-by,2026-02-02,0,2026-02-03
2026-02-01 00:00:40,0.065,February 1,us-strikes-iran-by,2026-02-01,0,2026-02-02
2026-02-01 00:00:41,0.1,February 3,us-strikes-iran-by,2026-02-03,0,2026-02-04
2026-02-01 00:00:41,0.185,February 6,us-strikes-iran-by,2026-01-31,0,2026-02-07
2026-02-01 00:00:44,0.655,June 30,us-strikes-iran-by,2026-06-30,1,2026-02-28
2026-02-02 00:00:14,0.33,February 28,us-strikes-iran-by,2026-01-31,1,2026-02-28
2026-02-02 00:00:17,0.055,February 5,us-strikes-iran-by,2026-02-05,0,2026-02-06
2026-02-02 00:00:17,0.175,February 13,us-strikes-iran-by,2026-01-31,0,2026-02-14
2026-02-02 00:00:23,0.425,March 31,us-strikes-iran-by,2026-06-30,1,2026-02-28
2026-02-02 00:00:26,0.0395,February 4,us-strikes-iran-by,2026-02-04,0,2026-02-05
2026-02-02 00:00:29,0.0155,February 2,us-strikes-iran-by,2026-02-02,0,2026-02-03
2026-02-02 00:00:31,0.0025,February 1,us-strikes-iran-by,2026-02-01,0,2026-02-02
2026-02-02 00:00:32,0.029,February 3,us-strikes-iran-by,2026-02-03,0,2026-02-04
2026-02-02 00:00:33,0.085,February 6,us-strikes-iran-by,2026-01-31,0,2026-02-07
2026-02-02 00:00:34,0.545,June 30,us-strikes-iran-by,2026-06-30,1,2026-02-28
2026-02-03 00:00:13,0.235,February 28,us-strikes-iran-by,2026-01-31,1,2026-02-28
2026-02-03 00:00:17,0.0175,February 5,us-strikes-iran-by,2026-02-05,0,2026-02-06
2026-02-03 00:00:17,0.095,February 13,us-strikes-iran-by,2026-01-31,0,2026-02-14
2026-02-03 00:00:18,0.155,February 20,us-strikes-iran-by,2026-01-31,0,2026-02-21
2026-02-03 00:00:25,0.345,March 31,us-strikes-iran-by,2026-06-30,1,2026-02-28
2026-02-03 00:00:30,0.0125,February 4,us-strikes-iran-by,2026-02-04,0,2026-02-05
2026-02-03 00:00:32,0.0015,February 2,us-strikes-iran-by,2026-02-02,0,2026-02-03
2026-02-03 00:00:36,0.007,February 3,us-strikes-iran-by,2026-02-03,0,2026-02-04
2026-02-03 00:00:37,0.0265,February 6,us-strikes-iran-by,2026-01-31,0,2026-02-07
2026-02-03 00:00:39,0.445,June 30,us-strikes-iran-by,2026-06-30,1,2026-02-28
2026-02-04 00:00:25,0.235,February 28,us-strikes-iran-by,2026-01-31,1,2026-02-28
2026-02-04 00:00:29,0.085,February 13,us-strikes-iran-by,2026-01-31,0,2026-02-14
2026-02-04 00:00:29,0.0175,February 5,us-strikes-iran-by,2026-02-05,0,2026-02-06
2026-02-04 00:00:30,0.145,February 20,us-strikes-iran-by,2026-01-31,0,2026-02-21
2026-02-04 00:00:36,0.365,March 31,us-strikes-iran-by,2026-06-30,1,2026-02-28
2026-02-04 00:00:40,0.0085,February 4,us-strikes-iran-by,2026-02-04,0,2026-02-05
2026-02-04 00:00:45,0.0015,February 3,us-strikes-iran-by,2026-02-03,0,2026-02-04
2026-02-04 00:00:46,0.0235,February 6,us-strikes-iran-by,2026-01-31,0,2026-02-07
2026-02-04 00:00:47,0.485,June 30,us-strikes-iran-by,2026-06-30,1,2026-02-28
2026-02-05 00:00:11,0.07,February 8,us-strikes-iran-by,2026-01-31,0,2026-02-09
2026-02-05 00:00:13,0.255,February 28,us-strikes-iran-by,2026-01-31,1,2026-02-28
2026-02-05 00:00:16,0.125,February 13,us-strikes-iran-by,2026-01-31,0,2026-02-14
2026-02-05 00:00:16,0.0195,February 5,us-strikes-iran-by,2026-02-05,0,2026-02-06
2026-02-05 00:00:17,0.185,February 20,us-strikes-iran-by,2026-01-31,0,2026-02-21
2026-02-05 00:00:21,0.055,February 7,us-strikes-iran-by,2026-02-07,0,2026-02-08
2026-02-05 00:00:23,0.385,March 31,us-strikes-iran-by,2026-06-30,1,2026-02-28
2026-02-05 00:00:26,0.0025,February 4,us-strikes-iran-by,2026-02-04,0,2026-02-05
2026-02-05 00:00:31,0.0355,February 6,us-strikes-iran-by,2026-01-31,0,2026-02-07
2026-02-05 00:00:31,0.075,February 9,us-strikes-iran-by,2026-01-31,0,2026-02-10
2026-02-05 00:00:32,0.495,June 30,us-strikes-iran-by,2026-06-30,1,2026-02-28
2026-02-06 00:00:14,0.055,February 8,us-strikes-iran-by,2026-01-31,0,2026-02-09
2026-02-06 00:00:15,0.255,February 28,us-strikes-iran-by,2026-01-31,1,2026-02-28
2026-02-06 00:00:19,0.0015,February 5,us-strikes-iran-by,2026-02-05,0,2026-02-06
2026-02-06 00:00:19,0.115,February 13,us-strikes-iran-by,2026-01-31,0,2026-02-14
2026-02-06 00:00:20,0.185,February 20,us-strikes-iran-by,2026-01-31,0,2026-02-21
2026-02-06 00:00:25,0.0375,February 7,us-strikes-iran-by,2026-02-07,0,2026-02-08
2026-02-06 00:00:28,0.39,March 31,us-strikes-iran-by,2026-06-30,1,2026-02-28
2026-02-06 00:00:40,0.0135,February 6,us-strikes-iran-by,2026-01-31,0,2026-02-07
2026-02-06 00:00:40,0.065,February 9,us-strikes-iran-by,2026-01-31,0,2026-02-10
2026-02-06 00:00:43,0.495,June 30,us-strikes-iran-by,2026-06-30,1,2026-02-28
2026-02-07 00:00:16,0.0305,February 8,us-strikes-iran-by,2026-01-31,0,2026-02-09
2026-02-07 00:00:18,0.285,February 28,us-strikes-iran-by,2026-01-31,1,2026-02-28
2026-02-07 00:00:23,0.115,February 13,us-strikes-iran-by,2026-01-31,0,2026-02-14
2026-02-07 00:00:24,0.215,February 20,us-strikes-iran-by,2026-01-31,0,2026-02-21
2026-02-07 00:00:30,0.0155,February 7,us-strikes-iran-by,2026-02-07,0,2026-02-08
2026-02-07 00:00:33,0.4,March 31,us-strikes-iran-by,2026-06-30,1,2026-02-28
2026-02-07 00:00:49,0.0045,February 6,us-strikes-iran-by,2026-01-31,0,2026-02-07
2026-02-07 00:00:49,0.0525,February 9,us-strikes-iran-by,2026-01-31,0,2026-02-10
2026-02-07 00:00:52,0.515,June 30,us-strikes-iran-by,2026-06-30,1,2026-02-28
2026-02-08 00:00:12,0.0125,February 8,us-strikes-iran-by,2026-01-31,0,2026-02-09
2026-02-08 00:00:16,0.215,February 28,us-strikes-iran-by,2026-01-31,1,2026-02-28
2026-02-08 00:00:19,0.055,February 13,us-strikes-iran-by,2026-01-31,0,2026-02-14
2026-02-08 00:00:21,0.125,February 20,us-strikes-iran-by,2026-01-31,0,2026-02-21
2026-02-08 00:00:27,0.0045,February 7,us-strikes-iran-by,2026-02-07,0,2026-02-08
2026-02-08 00:00:30,0.385,March 31,us-strikes-iran-by,2026-06-30,1,2026-02-28
2026-02-08 00:00:45,0.018,February 9,us-strikes-iran-by,2026-01-31,0,2026-02-10
2026-02-08 00:00:47,0.495,June 30,us-strikes-iran-by,2026-06-30,1,2026-02-28
2026-02-09 00:00:13,0.0085,February 8,us-strikes-iran-by,2026-01-31,0,2026-02-09
2026-02-09 00:00:14,0.225,February 28,us-strikes-iran-by,2026-01-31,1,2026-02-28
2026-02-09 00:00:20,0.075,February 13,us-strikes-iran-by,2026-01-31,0,2026-02-14
2026-02-09 00:00:20,0.14,February 20,us-strikes-iran-by,2026-01-31,0,2026-02-21
2026-02-09 00:00:29,0.405,March 31,us-strikes-iran-by,2026-06-30,1,2026-02-28
2026-02-09 00:00:43,0.0305,February 9,us-strikes-iran-by,2026-01-31,0,2026-02-10
2026-02-09 00:00:46,0.525,June 30,us-strikes-iran-by,2026-06-30,1,2026-02-28
2026-02-10 00:00:15,0.255,February 28,us-strikes-iran-by,2026-01-31,1,2026-02-28
2026-02-10 00:00:17,0.065,February 12,us-strikes-iran-by,2026-01-31,0,2026-02-13
2026-02-10 00:00:20,0.085,February 13,us-strikes-iran-by,2026-01-31,0,2026-02-14
2026-02-10 00:00:21,0.165,February 20,us-strikes-iran-by,2026-01-31,0,2026-02-21
2026-02-10 00:00:30,0.435,March 31,us-strikes-iran-by,2026-06-30,1,2026-02-28
2026-02-10 00:00:38,0.05,February 11,us-strikes-iran-by,2026-01-31,0,2026-02-12
2026-02-10 00:00:46,0.0185,February 9,us-strikes-iran-by,2026-01-31,0,2026-02-10
2026-02-10 00:00:47,0.0415,February 10,us-strikes-iran-by,2026-01-31,0,2026-02-11
2026-02-10 00:00:48,0.54,June 30,us-strikes-iran-by,2026-06-30,1,2026-02-28
2026-02-11 00:00:14,0.205,February 28,us-strikes-iran-by,2026-01-31,1,2026-02-28
2026-02-11 00:00:17,0.017,February 12,us-strikes-iran-by,2026-01-31,0,2026-02-13
2026-02-11 00:00:20,0.0315,February 13,us-strikes-iran-by,2026-01-31,0,2026-02-14
2026-02-11 00:00:21,0.115,February 20,us-strikes-iran-by,2026-01-31,0,2026-02-21
2026-02-11 00:00:33,0.395,March 31,us-strikes-iran-by,2026-06-30,1,2026-02-28
2026-02-11 00:00:39,0.0115,February 11,us-strikes-iran-by,2026-01-31,0,2026-02-12
2026-02-11 00:00:57,0.0035,February 10,us-strikes-iran-by,2026-01-31,0,2026-02-11
2026-02-11 00:00:59,0.525,June 30,us-strikes-iran-by,2026-06-30,1,2026-02-28
2026-02-12 00:00:28,0.0315,February 14,us-strikes-iran-by,2026-01-31,0,2026-02-15
2026-02-12 00:00:29,0.175,February 28,us-strikes-iran-by,2026-01-31,1,2026-02-28
2026-02-12 00:00:30,0.0105,February 12,us-strikes-iran-by,2026-01-31,0,2026-02-13
2026-02-12 00:00:32,0.019,February 13,us-strikes-iran-by,2026-01-31,0,2026-02-14
2026-02-12 00:00:33,0.085,February 20,us-strikes-iran-by,2026-01-31,0,2026-02-21
2026-02-12 00:00:34,0.065,February 18,us-strikes-iran-by,2026-01-31,0,2026-02-19
2026-02-12 00:00:42,0.385,March 31,us-strikes-iran-by,2026-06-30,1,2026-02-28
2026-02-12 00:00:45,0.265,March 15,us-strikes-iran-by,2026-06-30,1,2026-02-28
2026-02-12 00:00:47,0.0025,February 11,us-strikes-iran-by,2026-01-31,0,2026-02-12
2026-02-12 00:00:52,0.055,February 17,us-strikes-iran-by,2026-01-31,0,2026-02-18
2026-02-12 00:00:55,0.045,February 16,us-strikes-iran-by,2026-01-31,0,2026-02-17
2026-02-12 00:00:56,0.075,February 19,us-strikes-iran-by,2026-01-31,0,2026-02-20
2026-02-12 00:00:57,0.535,June 30,us-strikes-iran-by,2026-06-30,1,2026-02-28
2026-02-12 00:00:58,0.0395,February 15,us-strikes-iran-by,2026-01-31,0,2026-02-16
2026-02-13 00:00:15,0.0195,February 14,us-strikes-iran-by,2026-01-31,0,2026-02-15
2026-02-13 00:00:16,0.125,February 28,us-strikes-iran-by,2026-01-31,1,2026-02-28
2026-02-13 00:00:19,0.0015,February 12,us-strikes-iran-by,2026-01-31,0,2026-02-13
2026-02-13 00:00:20,0.0085,February 13,us-strikes-iran-by,2026-01-31,0,2026-02-14
2026-02-13 00:00:21,0.065,February 20,us-strikes-iran-by,2026-01-31,0,2026-02-21
2026-02-13 00:00:23,0.055,February 18,us-strikes-iran-by,2026-01-31,0,2026-02-19
2026-02-13 00:00:30,0.325,March 31,us-strikes-iran-by,2026-06-30,1,2026-02-28
2026-02-13 00:00:33,0.235,March 15,us-strikes-iran-by,2026-06-30,1,2026-02-28
2026-02-13 00:00:43,0.042,February 17,us-strikes-iran-by,2026-01-31,0,2026-02-18
2026-02-13 00:00:46,0.035,February 16,us-strikes-iran-by,2026-01-31,0,2026-02-17
2026-02-13 00:00:47,0.055,February 19,us-strikes-iran-by,2026-01-31,0,2026-02-20
2026-02-13 00:00:48,0.435,June 30,us-strikes-iran-by,2026-06-30,1,2026-02-28
2026-02-13 00:00:49,0.025,February 15,us-strikes-iran-by,2026-01-31,0,2026-02-16
2026-02-14 00:00:18,0.125,February 28,us-strikes-iran-by,2026-01-31,1,2026-02-28
2026-02-14 00:00:18,0.0125,February 14,us-strikes-iran-by,2026-01-31,0,2026-02-15
2026-02-14 00:00:24,0.0055,February 13,us-strikes-iran-by,2026-01-31,0,2026-02-14
2026-02-14 00:00:25,0.055,February 20,us-strikes-iran-by,2026-01-31,0,2026-02-21
2026-02-14 00:00:26,0.044,February 18,us-strikes-iran-by,2026-01-31,0,2026-02-19
2026-02-14 00:00:35,0.295,March 31,us-strikes-iran-by,2026-06-30,1,2026-02-28
2026-02-14 00:00:37,0.215,March 15,us-strikes-iran-by,2026-06-30,1,2026-02-28
2026-02-14 00:00:48,0.0315,February 17,us-strikes-iran-by,2026-01-31,0,2026-02-18
2026-02-14 00:00:52,0.0305,February 16,us-strikes-iran-by,2026-01-31,0,2026-02-17
2026-02-14 00:00:52,0.045,February 19,us-strikes-iran-by,2026-01-31,0,2026-02-20
2026-02-14 00:00:54,0.445,June 30,us-strikes-iran-by,2026-06-30,1,2026-02-28
2026-02-14 00:00:55,0.0215,February 15,us-strikes-iran-by,2026-01-31,0,2026-02-16
2026-02-15 00:00:17,0.125,February 28,us-strikes-iran-by,2026-01-31,1,2026-02-28
2026-02-15 00:00:17,0.0015,February 14,us-strikes-iran-by,2026-01-31,0,2026-02-15
2026-02-15 00:00:23,0.055,February 20,us-strikes-iran-by,2026-01-31,0,2026-02-21
2026-02-15 00:00:25,0.0195,February 18,us-strikes-iran-by,2026-01-31,0,2026-02-19
2026-02-15 00:00:34,0.305,March 31,us-strikes-iran-by,2026-06-30,1,2026-02-28
2026-02-15 00:00:36,0.225,March 15,us-strikes-iran-by,2026-06-30,1,2026-02-28
2026-02-15 00:00:46,0.0155,February 17,us-strikes-iran-by,2026-01-31,0,2026-02-18
2026-02-15 00:00:53,0.0135,February 16,us-strikes-iran-by,2026-01-31,0,2026-02-17
2026-02-15 00:00:53,0.0365,February 19,us-strikes-iran-by,2026-01-31,0,2026-02-20
2026-02-15 00:00:55,0.445,June 30,us-strikes-iran-by,2026-06-30,1,2026-02-28
2026-02-15 00:00:56,0.0065,February 15,us-strikes-iran-by,2026-01-31,0,2026-02-16
2026-02-16 00:00:27,0.135,February 28,us-strikes-iran-by,2026-01-31,1,2026-02-28
2026-02-16 00:00:33,0.036,February 20,us-strikes-iran-by,2026-01-31,0,2026-02-21
2026-02-16 00:00:35,0.02,February 18,us-strikes-iran-by,2026-01-31,0,2026-02-19
2026-02-16 00:00:44,0.325,March 31,us-strikes-iran-by,2026-06-30,1,2026-02-28
2026-02-16 00:00:48,0.235,March 15,us-strikes-iran-by,2026-06-30,1,2026-02-28
2026-02-16 00:00:58,0.013,February 17,us-strikes-iran-by,2026-01-31,0,2026-02-18
2026-02-17 00:00:18,0.185,February 28,us-strikes-iran-by,2026-01-31,1,2026-02-28
2026-02-17 00:00:19,0.105,February 23,us-strikes-iran-by,2026-01-31,0,2026-02-24
2026-02-17 00:00:19,0.1,February 22,us-strikes-iran-by,2026-01-31,0,2026-02-23
2026-02-17 00:00:24,0.0595,February 20,us-strikes-iran-by,2026-01-31,0,2026-02-21
2026-02-17 00:00:25,0.0215,February 18,us-strikes-iran-by,2026-01-31,0,2026-02-19
2026-02-17 00:00:27,0.145,February 26,us-strikes-iran-by,2026-01-31,0,2026-02-27
2026-02-17 00:00:28,0.07,February 21,us-strikes-iran-by,2026-01-31,0,2026-02-22
2026-02-17 00:00:34,0.395,March 31,us-strikes-iran-by,2026-06-30,1,2026-02-28
2026-02-17 00:00:37,0.305,March 15,us-strikes-iran-by,2026-06-30,1,2026-02-28
2026-02-17 00:00:40,0.13,February 24,us-strikes-iran-by,2026-01-31,0,2026-02-25
2026-02-17 00:00:42,0.14,February 25,us-strikes-iran-by,2026-01-31,0,2026-02-26
2026-02-17 00:00:50,0.0115,February 17,us-strikes-iran-by,2026-01-31,0,2026-02-18
2026-02-17 00:00:55,0.0015,February 16,us-strikes-iran-by,2026-01-31,0,2026-02-17
2026-02-17 00:00:56,0.0425,February 19,us-strikes-iran-by,2026-01-31,0,2026-02-20
2026-02-17 00:00:57,0.505,June 30,us-strikes-iran-by,2026-06-30,1,2026-02-28
2026-02-17 00:00:59,0.155,February 27,us-strikes-iran-by,2026-01-31,0,2026-02-28
2026-02-18 00:00:18,0.185,February 28,us-strikes-iran-by,2026-01-31,1,2026-02-28
2026-02-18 00:00:19,0.1,February 23,us-strikes-iran-by,2026-01-31,0,2026-02-24
2026-02-18 00:00:20,0.085,February 22,us-strikes-iran-by,2026-01-31,0,2026-02-23
2026-02-18 00:00:25,0.0515,February 20,us-strikes-iran-by,2026-01-31,0,2026-02-21
2026-02-18 00:00:27,0.0135,February 18,us-strikes-iran-by,2026-01-31,0,2026-02-19
2026-02-18 00:00:30,0.13,February 26,us-strikes-iran-by,2026-01-31,0,2026-02-27
2026-02-18 00:00:31,0.075,February 21,us-strikes-iran-by,2026-01-31,0,2026-02-22
2026-02-18 00:00:39,0.45,March 31,us-strikes-iran-by,2026-06-30,1,2026-02-28
2026-02-18 00:00:41,0.345,March 15,us-strikes-iran-by,2026-06-30,1,2026-02-28
2026-02-18 00:00:45,0.105,February 24,us-strikes-iran-by,2026-01-31,0,2026-02-25
2026-02-18 00:00:46,0.115,February 25,us-strikes-iran-by,2026-01-31,0,2026-02-26
2026-02-18 00:00:53,0.0015,February 17,us-strikes-iran-by,2026-01-31,0,2026-02-18
2026-02-19 00:00:18,0.225,February 28,us-strikes-iran-by,2026-01-31,1,2026-02-28
2026-02-19 00:00:19,0.13,February 23,us-strikes-iran-by,2026-01-31,0,2026-02-24
2026-02-19 00:00:19,0.115,February 22,us-strikes-iran-by,2026-01-31,0,2026-02-23
2026-02-19 00:00:25,0.0555,February 20,us-strikes-iran-by,2026-01-31,0,2026-02-21
2026-02-19 00:00:27,0.0025,February 18,us-strikes-iran-by,2026-01-31,0,2026-02-19
2026-02-19 00:00:30,0.16,February 26,us-strikes-iran-by,2026-01-31,0,2026-02-27
2026-02-19 00:00:31,0.09,February 21,us-strikes-iran-by,2026-01-31,0,2026-02-22
2026-02-19 00:00:39,0.545,March 31,us-strikes-iran-by,2026-06-30,1,2026-02-28
2026-02-19 00:00:42,0.43,March 15,us-strikes-iran-by,2026-06-30,1,2026-02-28
2026-02-19 00:00:45,0.135,February 24,us-strikes-iran-by,2026-01-31,0,2026-02-25
2026-02-19 00:00:47,0.15,February 25,us-strikes-iran-by,2026-01-31,0,2026-02-26
2026-02-20 00:00:20,0.255,February 28,us-strikes-iran-by,2026-01-31,1,2026-02-28
2026-02-20 00:00:20,0.34,March 3,us-strikes-iran-by,2026-06-30,1,2026-02-28
2026-02-20 00:00:21,0.3,March 1,us-strikes-iran-by,2026-06-30,1,2026-02-28
2026-02-20 00:00:21,0.14,February 23,us-strikes-iran-by,2026-01-31,0,2026-02-24
2026-02-20 00:00:22,0.125,February 22,us-strikes-iran-by,2026-01-31,0,2026-02-23
2026-02-20 00:00:23,0.355,March 4,us-strikes-iran-by,2026-06-30,1,2026-02-28
2026-02-20 00:00:24,0.395,March 6,us-strikes-iran-by,2026-06-30,1,2026-02-28
2026-02-20 00:00:27,0.0375,February 20,us-strikes-iran-by,2026-01-31,0,2026-02-21
2026-02-20 00:00:30,0.075,February 21,us-strikes-iran-by,2026-01-31,0,2026-02-22
2026-02-20 00:00:30,0.175,February 26,us-strikes-iran-by,2026-01-31,0,2026-02-27
2026-02-20 00:00:33,0.38,March 5,us-strikes-iran-by,2026-06-30,1,2026-02-28
2026-02-20 00:00:38,0.595,March 31,us-strikes-iran-by,2026-06-30,1,2026-02-28
2026-02-20 00:00:40,0.505,March 15,us-strikes-iran-by,2026-06-30,1,2026-02-28
2026-02-20 00:00:42,0.315,March 2,us-strikes-iran-by,2026-06-30,1,2026-02-28
2026-02-20 00:00:43,0.155,February 24,us-strikes-iran-by,2026-01-31,0,2026-02-25
2026-02-20 00:00:45,0.165,February 25,us-strikes-iran-by,2026-01-31,0,2026-02-26
2026-02-20 00:00:47,0.415,March 7,us-strikes-iran-by,2026-06-30,1,2026-02-28
2026-02-20 00:00:57,0.0035,February 19,us-strikes-iran-by,2026-01-31,0,2026-02-20
2026-02-20 00:00:57,0.765,December 31,us-strikes-iran-by,2026-06-30,1,2026-02-28
2026-02-20 00:00:58,0.685,June 30,us-strikes-iran-by,2026-06-30,1,2026-02-28
2026-02-21 00:00:17,0.255,February 28,us-strikes-iran-by,2026-01-31,1,2026-02-28
2026-02-21 00:00:17,0.36,March 3,us-strikes-iran-by,2026-06-30,1,2026-02-28
2026-02-21 00:00:18,0.305,March 1,us-strikes-iran-by,2026-06-30,1,2026-02-28
2026-02-21 00:00:18,0.07,February 22,us-strikes-iran-by,2026-01-31,0,2026-02-23
2026-02-21 00:00:18,0.095,February 23,us-strikes-iran-by,2026-01-31,0,2026-02-24
2026-02-21 00:00:19,0.375,March 4,us-strikes-iran-by,2026-06-30,1,2026-02-28
2026-02-21 00:00:20,0.0095,February 20,us-strikes-iran-by,2026-01-31,0,2026-02-21
2026-02-21 00:00:20,0.445,March 6,us-strikes-iran-by,2026-06-30,1,2026-02-28
2026-02-21 00:00:23,0.18,February 26,us-strikes-iran-by,2026-01-31,0,2026-02-27
2026-02-21 00:00:23,0.044,February 21,us-strikes-iran-by,2026-01-31,0,2026-02-22
2026-02-21 00:00:24,0.395,March 5,us-strikes-iran-by,2026-06-30,1,2026-02-28
2026-02-21 00:00:27,0.635,March 31,us-strikes-iran-by,2026-06-30,1,2026-02-28
2026-02-21 00:00:28,0.55,March 15,us-strikes-iran-by,2026-06-30,1,2026-02-28
2026-02-21 00:00:29,0.33,March 2,us-strikes-iran-by,2026-06-30,1,2026-02-28
2026-02-21 00:00:30,0.105,February 24,us-strikes-iran-by,2026-01-31,0,2026-02-25
2026-02-21 00:00:31,0.135,February 25,us-strikes-iran-by,2026-01-31,0,2026-02-26
2026-02-21 00:00:32,0.46,March 7,us-strikes-iran-by,2026-06-30,1,2026-02-28
2026-02-21 00:00:38,0.75,December 31,us-strikes-iran-by,2026-06-30,1,2026-02-28
2026-02-21 00:00:39,0.685,June 30,us-strikes-iran-by,2026-06-30,1,2026-02-28
2026-02-21 00:00:40,0.225,February 27,us-strikes-iran-by,2026-01-31,0,2026-02-28
2026-02-22 00:00:18,0.205,March 1,us-strikes-iran-by,2026-06-30,1,2026-02-28
2026-02-22 00:00:18,0.245,March 3,us-strikes-iran-by,2026-06-30,1,2026-02-28
2026-02-22 00:00:18,0.175,February 28,us-strikes-iran-by,2026-01-31,1,2026-02-28
2026-02-22 00:00:18,0.025,February 22,us-strikes-iran-by,2026-01-31,0,2026-02-23
2026-02-22 00:00:19,0.265,March 4,us-strikes-iran-by,2026-06-30,1,2026-02-28
2026-02-22 00:00:19,0.0415,February 23,us-strikes-iran-by,2026-01-31,0,2026-02-24
2026-02-22 00:00:19,0.325,March 6,us-strikes-iran-by,2026-06-30,1,2026-02-28
2026-02-22 00:00:23,0.0065,February 21,us-strikes-iran-by,2026-01-31,0,2026-02-22
2026-02-22 00:00:23,0.1,February 26,us-strikes-iran-by,2026-01-31,0,2026-02-27
2026-02-22 00:00:25,0.29,March 5,us-strikes-iran-by,2026-06-30,1,2026-02-28
2026-02-22 00:00:27,0.585,March 31,us-strikes-iran-by,2026-06-30,1,2026-02-28
2026-02-22 00:00:28,0.465,March 15,us-strikes-iran-by,2026-06-30,1,2026-02-28
2026-02-22 00:00:29,0.225,March 2,us-strikes-iran-by,2026-06-30,1,2026-02-28
2026-02-22 00:00:30,0.055,February 24,us-strikes-iran-by,2026-01-31,0,2026-02-25
2026-02-22 00:00:31,0.075,February 25,us-strikes-iran-by,2026-01-31,0,2026-02-26
2026-02-22 00:00:32,0.365,March 7,us-strikes-iran-by,2026-06-30,1,2026-02-28
2026-02-22 00:00:38,0.725,December 31,us-strikes-iran-by,2026-06-30,1,2026-02-28
2026-02-22 00:00:39,0.665,June 30,us-strikes-iran-by,2026-06-30,1,2026-02-28
2026-02-22 00:00:41,0.135,February 27,us-strikes-iran-by,2026-01-31,0,2026-02-28
2026-02-23 00:00:17,0.195,February 28,us-strikes-iran-by,2026-01-31,1,2026-02-28
2026-02-23 00:00:17,0.255,March 3,us-strikes-iran-by,2026-06-30,1,2026-02-28
2026-02-23 00:00:18,0.215,March 1,us-strikes-iran-by,2026-06-30,1,2026-02-28
2026-02-23 00:00:18,0.0265,February 23,us-strikes-iran-by,2026-01-31,0,2026-02-24
2026-02-23 00:00:19,0.0075,February 22,us-strikes-iran-by,2026-01-31,0,2026-02-23
2026-02-23 00:00:20,0.325,March 6,us-strikes-iran-by,2026-06-30,1,2026-02-28
2026-02-23 00:00:20,0.28,March 4,us-strikes-iran-by,2026-06-30,1,2026-02-28
2026-02-23 00:00:25,0.105,February 26,us-strikes-iran-by,2026-01-31,0,2026-02-27
2026-02-23 00:00:27,0.295,March 5,us-strikes-iran-by,2026-06-30,1,2026-02-28
2026-02-23 00:00:30,0.585,March 31,us-strikes-iran-by,2026-06-30,1,2026-02-28
2026-02-23 00:00:33,0.46,March 15,us-strikes-iran-by,2026-06-30,1,2026-02-28
2026-02-23 00:00:33,0.235,March 2,us-strikes-iran-by,2026-06-30,1,2026-02-28
2026-02-23 00:00:35,0.055,February 24,us-strikes-iran-by,2026-01-31,0,2026-02-25
2026-02-23 00:00:36,0.075,February 25,us-strikes-iran-by,2026-01-31,0,2026-02-26
2026-02-23 00:00:37,0.355,March 7,us-strikes-iran-by,2026-06-30,1,2026-02-28
2026-02-23 00:00:46,0.715,December 31,us-strikes-iran-by,2026-06-30,1,2026-02-28
2026-02-23 00:00:47,0.665,June 30,us-strikes-iran-by,2026-06-30,1,2026-02-28
2026-02-23 00:00:49,0.155,February 27,us-strikes-iran-by,2026-01-31,0,2026-02-28
2026-02-24 00:00:16,0.295,March 3,us-strikes-iran-by,2026-06-30,1,2026-02-28
2026-02-24 00:00:16,0.205,February 28,us-strikes-iran-by,2026-01-31,1,2026-02-28
2026-02-24 00:00:18,0.24,March 1,us-strikes-iran-by,2026-06-30,1,2026-02-28
2026-02-24 00:00:19,0.325,March 4,us-strikes-iran-by,2026-06-30,1,2026-02-28
2026-02-24 00:00:19,0.0065,February 23,us-strikes-iran-by,2026-01-31,0,2026-02-24
2026-02-24 00:00:20,0.365,March 6,us-strikes-iran-by,2026-06-30,1,2026-02-28
2026-02-24 00:00:25,0.085,February 26,us-strikes-iran-by,2026-01-31,0,2026-02-27
2026-02-24 00:00:27,0.345,March 5,us-strikes-iran-by,2026-06-30,1,2026-02-28
2026-02-24 00:00:30,0.625,March 31,us-strikes-iran-by,2026-06-30,1,2026-02-28
2026-02-24 00:00:32,0.505,March 15,us-strikes-iran-by,2026-06-30,1,2026-02-28
2026-02-24 00:00:33,0.27,March 2,us-strikes-iran-by,2026-06-30,1,2026-02-28
2026-02-24 00:00:34,0.0385,February 24,us-strikes-iran-by,2026-01-31,0,2026-02-25
2026-02-24 00:00:36,0.055,February 25,us-strikes-iran-by,2026-01-31,0,2026-02-26
2026-02-24 00:00:38,0.39,March 7,us-strikes-iran-by,2026-06-30,1,2026-02-28
2026-02-24 00:00:47,0.735,December 31,us-strikes-iran-by,2026-06-30,1,2026-02-28
2026-02-24 00:00:48,0.685,June 30,us-strikes-iran-by,2026-06-30,1,2026-02-28
2026-02-24 00:00:50,0.15,February 27,us-strikes-iran-by,2026-01-31,0,2026-02-28
2026-02-25 00:00:17,0.175,February 28,us-strikes-iran-by,2026-01-31,1,2026-02-28
2026-02-25 00:00:18,0.28,March 3,us-strikes-iran-by,2026-06-30,1,2026-02-28
2026-02-25 00:00:19,0.21,March 1,us-strikes-iran-by,2026-06-30,1,2026-02-28
2026-02-25 00:00:21,0.305,March 4,us-strikes-iran-by,2026-06-30,1,2026-02-28
2026-02-25 00:00:22,0.345,March 6,us-strikes-iran-by,2026-06-30,1,2026-02-28
2026-02-25 00:00:28,0.085,February 26,us-strikes-iran-by,2026-01-31,0,2026-02-27
2026-02-25 00:00:30,0.33,March 5,us-strikes-iran-by,2026-06-30,1,2026-02-28
2026-02-25 00:00:34,0.605,March 31,us-strikes-iran-by,2026-06-30,1,2026-02-28
2026-02-25 00:00:36,0.515,March 15,us-strikes-iran-by,2026-06-30,1,2026-02-28
2026-02-25 00:00:38,0.255,March 2,us-strikes-iran-by,2026-06-30,1,2026-02-28
2026-02-25 00:00:39,0.016,February 24,us-strikes-iran-by,2026-01-31,0,2026-02-25
2026-02-25 00:00:41,0.0455,February 25,us-strikes-iran-by,2026-01-31,0,2026-02-26
2026-02-25 00:00:43,0.385,March 7,us-strikes-iran-by,2026-06-30,1,2026-02-28
2026-02-25 00:00:54,0.735,December 31,us-strikes-iran-by,2026-06-30,1,2026-02-28
2026-02-25 00:00:55,0.685,June 30,us-strikes-iran-by,2026-06-30,1,2026-02-28
2026-02-25 00:00:57,0.135,February 27,us-strikes-iran-by,2026-01-31,0,2026-02-28
2026-02-26 00:00:18,0.19,March 3,us-strikes-iran-by,2026-06-30,1,2026-02-28
2026-02-26 00:00:18,0.095,February 28,us-strikes-iran-by,2026-01-31,1,2026-02-28
2026-02-26 00:00:19,0.125,March 1,us-strikes-iran-by,2026-06-30,1,2026-02-28
2026-02-26 00:00:19,0.24,March 9,us-strikes-iran-by,2026-06-30,1,2026-02-28
2026-02-26 00:00:21,0.205,March 4,us-strikes-iran-by,2026-06-30,1,2026-02-28
2026-02-26 00:00:22,0.275,March 6,us-strikes-iran-by,2026-06-30,1,2026-02-28
2026-02-26 00:00:22,0.26,March 11,us-strikes-iran-by,2026-06-30,1,2026-02-28
2026-02-26 00:00:27,0.235,March 8,us-strikes-iran-by,2026-06-30,1,2026-02-28
2026-02-26 00:00:27,0.0215,February 26,us-strikes-iran-by,2026-01-31,0,2026-02-27
2026-02-26 00:00:28,0.24,March 5,us-strikes-iran-by,2026-06-30,1,2026-02-28
2026-02-26 00:00:31,0.605,March 31,us-strikes-iran-by,2026-06-30,1,2026-02-28
2026-02-26 00:00:34,0.465,March 15,us-strikes-iran-by,2026-06-30,1,2026-02-28
2026-02-26 00:00:35,0.165,March 2,us-strikes-iran-by,2026-06-30,1,2026-02-28
2026-02-26 00:00:37,0.0025,February 25,us-strikes-iran-by,2026-01-31,0,2026-02-26
2026-02-26 00:00:39,0.315,March 7,us-strikes-iran-by,2026-06-30,1,2026-02-28
2026-02-26 00:00:39,0.275,March 12,us-strikes-iran-by,2026-06-30,1,2026-02-28
2026-02-26 00:00:43,0.245,March 10,us-strikes-iran-by,2026-06-30,1,2026-02-28
2026-02-26 00:00:46,0.39,March 13,us-strikes-iran-by,2026-06-30,1,2026-02-28
2026-02-26 00:00:47,0.735,December 31,us-strikes-iran-by,2026-06-30,1,2026-02-28
2026-02-26 00:00:48,0.415,March 14,us-strikes-iran-by,2026-06-30,1,2026-02-28
2026-02-26 00:00:48,0.685,June 30,us-strikes-iran-by,2026-06-30,1,2026-02-28
2026-02-26 00:00:50,0.045,February 27,us-strikes-iran-by,2026-01-31,0,2026-02-28
2026-02-27 00:00:21,0.185,March 3,us-strikes-iran-by,2026-06-30,1,2026-02-28
2026-02-27 00:00:21,0.085,February 28,us-strikes-iran-by,2026-01-31,1,2026-02-28
2026-02-27 00:00:22,0.125,March 1,us-strikes-iran-by,2026-06-30,1,2026-02-28
2026-02-27 00:00:23,0.31,March 9,us-strikes-iran-by,2026-06-30,1,2026-02-28
2026-02-27 00:00:24,0.205,March 4,us-strikes-iran-by,2026-06-30,1,2026-02-28
2026-02-27 00:00:25,0.245,March 6,us-strikes-iran-by,2026-06-30,1,2026-02-28
2026-02-27 00:00:25,0.335,March 11,us-strikes-iran-by,2026-06-30,1,2026-02-28
2026-02-27 00:00:30,0.0055,February 26,us-strikes-iran-by,2026-01-31,0,2026-02-27
2026-02-27 00:00:30,0.29,March 8,us-strikes-iran-by,2026-06-30,1,2026-02-28
2026-02-27 00:00:33,0.215,March 5,us-strikes-iran-by,2026-06-30,1,2026-02-28
2026-02-27 00:00:36,0.545,March 31,us-strikes-iran-by,2026-06-30,1,2026-02-28
2026-02-27 00:00:38,0.395,March 15,us-strikes-iran-by,2026-06-30,1,2026-02-28
2026-02-27 00:00:39,0.165,March 2,us-strikes-iran-by,2026-06-30,1,2026-02-28
2026-02-27 00:00:44,0.35,March 12,us-strikes-iran-by,2026-06-30,1,2026-02-28
2026-02-27 00:00:44,0.27,March 7,us-strikes-iran-by,2026-06-30,1,2026-02-28
2026-02-27 00:00:49,0.325,March 10,us-strikes-iran-by,2026-06-30,1,2026-02-28
2026-02-27 00:00:52,0.365,March 13,us-strikes-iran-by,2026-06-30,1,2026-02-28
2026-02-27 00:00:53,0.725,December 31,us-strikes-iran-by,2026-06-30,1,2026-02-28
2026-02-27 00:00:55,0.38,March 14,us-strikes-iran-by,2026-06-30,1,2026-02-28
2026-02-27 00:00:55,0.655,June 30,us-strikes-iran-by,2026-06-30,1,2026-02-28
2026-02-27 00:00:57,0.0435,February 27,us-strikes-iran-by,2026-01-31,0,2026-02-28
2026-02-28 00:00:24,0.195,February 28,us-strikes-iran-by,2026-01-31,1,2026-02-28
2026-02-28 00:00:25,0.265,March 1,us-strikes-iran-by,2026-06-30,1,2026-02-28
2026-02-28 00:00:25,0.345,March 3,us-strikes-iran-by,2026-06-30,1,2026-02-28
2026-02-28 00:00:25,0.465,March 9,us-strikes-iran-by,2026-06-30,1,2026-02-28
2026-02-28 00:00:27,0.395,March 6,us-strikes-iran-by,2026-06-30,1,2026-02-28
2026-02-28 00:00:27,0.345,March 4,us-strikes-iran-by,2026-06-30,1,2026-02-28
2026-02-28 00:00:28,0.51,March 11,us-strikes-iran-by,2026-06-30,1,2026-02-28
2026-02-28 00:00:32,0.455,March 8,us-strikes-iran-by,2026-06-30,1,2026-02-28
2026-02-28 00:00:34,0.365,March 5,us-strikes-iran-by,2026-06-30,1,2026-02-28
2026-02-28 00:00:37,0.685,March 31,us-strikes-iran-by,2026-06-30,1,2026-02-28
2026-02-28 00:00:38,0.58,March 15,us-strikes-iran-by,2026-06-30,1,2026-02-28
2026-02-28 00:00:40,0.325,March 2,us-strikes-iran-by,2026-06-30,1,2026-02-28
2026-02-28 00:00:43,0.445,March 7,us-strikes-iran-by,2026-06-30,1,2026-02-28
2026-02-28 00:00:43,0.52,March 12,us-strikes-iran-by,2026-06-30,1,2026-02-28
2026-02-28 00:00:47,0.485,March 10,us-strikes-iran-by,2026-06-30,1,2026-02-28
2026-02-28 00:00:49,0.54,March 13,us-strikes-iran-by,2026-06-30,1,2026-02-28
2026-02-28 00:00:50,0.785,December 31,us-strikes-iran-by,2026-06-30,1,2026-02-28
2026-02-28 00:00:51,0.735,June 30,us-strikes-iran-by,2026-06-30,1,2026-02-28
2026-02-28 00:00:51,0.565,March 14,us-strikes-iran-by,2026-06-30,1,2026-02-28
2026-02-28 00:00:52,0.036,February 27,us-strikes-iran-by,2026-01-31,0,2026-02-28
